dataset,algorithm,length,time,dimension
weird20,Greedy,547,0.000001,20
weird20,Greedy(+2opt),449,0.000003,20
weird20,HeldKarp,439,56.477907,20
a280,Greedy,3157,0.000105,280
a280,Greedy(+2opt),2767,0.000950,280
xql662,Greedy,3124,0.000522,662
xql662,Greedy(+2opt),2693,0.013637,662
