dataset,algorithm,length,time,dimension
weird20,Greedy,547,0.0000010000,20
weird20,Greedy(+2opt),449,0.0000030000,20
weird20,HeldKarp,439,56.4779070000,20
a280,Greedy,3157,0.0001050000,280
a280,Greedy(+2opt),2767,0.0009500000,280
xql662,Greedy,3124,0.0005220000,662
xql662,Greedy(+2opt),2693,0.0136370000,662
